joint_0_right_waist,joint_1_right_shoulder,joint_2_right_elbow,joint_3_right_forearm_roll,joint_4_right_wrist_angle,joint_5_right_wrist_rotate,joint_6_left_waist,joint_7_left_shoulder,joint_8_left_elbow,joint_9_left_forearm_roll,joint_10_left_wrist_angle,joint_11_left_wrist_rotate,timestamp
80.20901964655543,40.86615168642216,66.45736567182608,-45.41297884507239,-17.691978729667525,0.48054913222516027,-79.54521522275886,-44.65243524717571,-71.21729181104715,70.02944628432387,14.28162653539873,42.49055819625439,1763471509.6739194
80.20898998948837,40.86596625534698,66.45723181580644,-45.413367941553375,-17.691691870555527,0.4805033323144143,-79.53795492403393,-44.64471307751459,-71.22668154700308,69.97899847084751,14.290859452554706,42.53573739613718,1763471509.748516
80.20903499844144,40.865391206040776,66.45752367101692,-45.41300050346777,-17.691491980893655,0.48047166003588976,-79.54825890759415,-44.661165097487874,-71.27451189963396,69.72334530331864,14.297412394351655,42.806971262446226,1763471509.8637586
80.20898545638428,40.86577870813419,66.45802283117091,-45.41333591780932,-17.69153454603962,0.4802379196502045,-79.58001494130508,-44.68717243601308,-71.3312030910566,69.3350690688702,14.32349133844221,43.19705035507885,1763471510.004111
80.20891203886798,40.86541009800721,66.45669870264041,-45.41310696964006,-17.691905668424024,0.4808060454060223,-79.57545676746332,-44.691841924645,-71.32028100235786,69.32313670488489,14.31636420612176,43.21399046082744,1763471510.0687175
80.208839207359,40.86306769403679,66.4588402126459,-45.41106117091369,-17.692599804136716,0.47960999553632516,-79.50058735814115,-44.676359294023385,-71.18946454830488,69.47266061433717,14.340696289940356,42.99989664289607,1763471517.4151819
80.20864624744358,40.86332594022278,66.45917000140246,-45.41064024314007,-17.693013858716206,0.4798043775517849,-79.47884118999602,-44.68450960852611,-71.22196625927243,69.51337597966032,14.330680582529311,42.960031925606636,1763471517.5057564
80.20865073989945,40.86344468525452,66.45899951776086,-45.410738397579976,-17.693052403280824,0.4797083712713158,-79.46963697043287,-44.68407385818575,-71.2418501929095,69.50260818650362,14.32200237047658,42.98765489158686,1763471517.573854
80.20821656897955,40.86309697592243,66.45865440179567,-45.41059663903424,-17.693051374095752,0.4795857232629726,-79.48199739955244,-44.66042769148689,-71.29343375494922,69.26766845725601,14.349376415290166,43.21143524871019,1763471517.6952987
80.20834095716957,40.86283843467633,66.45879631898161,-45.41069597205877,-17.693027057168116,0.47937679548882617,-79.52188909238855,-44.67732830806313,-71.3542910237322,68.9418338722763,14.368071039652868,43.54272519514089,1763471517.8454773
80.20801338654508,40.86709999876483,66.45427450766482,-45.41131378766886,-17.692519934076564,0.48046212979438224,-79.47343523306039,-44.647763926341,-71.30726905634691,68.95254738155833,14.372844424884857,43.47556382300732,1763471525.1648164
80.20768013302212,40.86712647127647,66.4541818665065,-45.41108862987904,-17.69291144552098,0.48031737663416657,-79.47446537492354,-44.64445468755237,-71.33513460649553,68.89663567456428,14.370777459840072,43.52191972110599,1763471525.236884
80.20769630428218,40.867255752582366,66.45391731036592,-45.410726717814335,-17.69312222110644,0.48043331709920467,-79.4780115459315,-44.62942924184532,-71.37055942255965,68.83590171617023,14.364153575001415,43.62961446299067,1763471525.3294685
80.2079865618201,40.86733812274821,66.45397124184292,-45.411199487233844,-17.692915247544715,0.48057210560100017,-79.46804581928546,-44.62803508681642,-71.39949821628902,68.86287158174973,14.365418264370872,43.6431168040029,1763471525.4098344
80.20768340560417,40.86716407947657,66.45381274499184,-45.41090457154915,-17.69308442707829,0.4804734070305015,-79.45097682660995,-44.592569399848415,-71.43920695021782,68.83654566589193,14.372382413990113,43.689460383234156,1763471525.4801037
80.20719671064779,40.85888302571109,66.45597319957142,-45.40915979326603,-17.692056705873316,0.47877260255950516,-79.51898902419214,-44.72297733330163,-71.45732064116994,68.28454707954309,14.453389786473991,44.25134645215934,1763471533.009305
80.20729642002888,40.85895825065756,66.45630400341169,-45.409417773556044,-17.692514190067754,0.4794965800945272,-79.48670081387293,-44.721651931342336,-71.41544560241798,68.39297408501488,14.455961861947726,44.10361563753941,1763471533.0851665
80.20706226429427,40.859308212039736,66.45589085792875,-45.40919046755338,-17.69224295439962,0.4790546849451968,-79.48164878973412,-44.7421656870986,-71.47041244418203,68.25733414634017,14.473397033332978,44.260832965581564,1763471533.169007
80.2072629361539,40.859534484477365,66.45615294972447,-45.40938436969554,-17.69252669796736,0.47890043046464037,-79.48524446940506,-44.756108419755115,-71.48520547624739,68.1493137278766,14.482896351932292,44.34763269092706,1763471533.254501
80.20713986254108,40.858941526026264,66.4555324329576,-45.40909154699341,-17.69226738584733,0.47892941558089985,-79.51826429339154,-44.77141260060031,-71.65391323005845,67.55229535161482,14.53923942642472,44.92053400072143,1763471533.4354002
80.20849181944962,40.85348256582162,66.45405581384948,-45.41344505439584,-17.689743598384975,0.4798996838923971,-79.42156701079436,-44.750627045092976,-71.5731861542995,67.74851514453731,14.545453145320293,44.67421208252878,1763471540.7744534
80.20840287068239,40.85385324038126,66.45382290501628,-45.41321281067643,-17.68955939861425,0.47990330281220667,-79.39545354380179,-44.735333697290116,-71.56157119326825,67.83246039436372,14.5319658610586,44.605144504512594,1763471540.8651419
80.20836516195673,40.85404125478147,66.4538139679637,-45.41291138187618,-17.689678428984728,0.47997173923942354,-79.37336762407168,-44.72394772240583,-71.5642971872138,67.87474646882292,14.529508935859091,44.54453087245155,1763471540.939272
80.20821189863032,40.8539279890866,66.45399425781396,-45.4129845818898,-17.689818622494002,0.48005078479777413,-79.35320399858529,-44.714048526660264,-71.56896403344433,67.91128019926198,14.522585821427207,44.532830288988066,1763471541.0011177
80.20833177134296,40.853523953718316,66.4535319825782,-45.413047283232885,-17.689110832029627,0.4801605409651451,-79.35501151687535,-44.720931886502946,-71.63860638640912,67.74974278987578,14.541982122318801,44.7285698241483,1763471541.1039279
80.20660487066631,40.85534193302459,66.45450525458709,-45.408611847803435,-17.692400763061958,0.4792195765459351,-79.32687250775788,-44.67279596203705,-71.53654436178306,67.90919100450473,14.566129961815786,44.5240697116159,1763471548.4604058
80.20665205678274,40.855510213970845,66.45537243530867,-45.40891910131687,-17.692396106197148,0.479313886978532,-79.30754477229152,-44.66309192083304,-71.502699205138,67.98682367533509,14.539186559894826,44.44982180347257,1763471548.555042
80.20671288403472,40.8558667550227,66.45451595537702,-45.40935239058173,-17.692655433273156,0.4793611417322177,-79.31249628443362,-44.68765653139611,-71.46840665945338,67.99331868324892,14.510627378590351,44.43244111343073,1763471548.6168697
80.20666645383626,40.85557383019259,66.45457490415792,-45.408972636994534,-17.692429275676083,0.47907791190238636,-79.31366596580826,-44.70296253372631,-71.3947373789462,68.00892103502706,14.470000529107141,44.43034333349791,1763471548.6954553
80.20704884170564,40.85524518727775,66.45452012457005,-45.4090251084474,-17.692951620429785,0.47886292182863693,-79.38096615637704,-44.78026274592752,-71.39460962961104,67.67802292582707,14.439475284003855,44.71588199184288,1763471548.8250074
80.20645827215185,40.85200912937005,66.45489282181914,-45.40706016463247,-17.68823674637068,0.4762306527925101,-79.24630264551692,-44.66824514156887,-71.30748737805435,68.10529082169445,14.536263443056916,44.348256849178405,1763471556.2105916
80.20669830665481,40.85193706350043,66.45421283323937,-45.40704749221708,-17.68822864642565,0.4761981058028213,-79.19618710930814,-44.649540631707325,-71.29354426796293,68.31629954345603,14.511175838603084,44.1489151539961,1763471556.329873
80.20629677107173,40.85224723540626,66.45406941778471,-45.40704491530175,-17.68849927317175,0.4763978985713049,-79.14600820643943,-44.624727548221735,-71.22111550914849,68.64991370258718,14.475583427584814,43.83841834707104,1763471556.4538598
80.2066332237856,40.85196492419407,66.45447344759792,-45.40702016443705,-17.688280894794058,0.4768275720143885,-79.09866626252035,-44.60407960973746,-71.1505314976146,68.93658606794921,14.447723002513687,43.59533728122992,1763471556.5754144
80.20664214865974,40.851671739557226,66.45436018222354,-45.40715514685563,-17.687744823468755,0.4766773821418411,-79.07843949180673,-44.596967893196904,-71.1306396795315,68.98457935994996,14.439765146811336,43.52870033894422,1763471556.6460688
80.20899935983705,40.853196525015385,66.45468418213188,-45.40718734836218,-17.690598397584985,0.47809605444509873,-79.05468344158804,-44.54331456435466,-71.1978682977488,68.83597065774417,14.562017006611322,43.70676320956588,1763471563.950346
80.20887037925318,40.85349561277747,66.45445160355877,-45.407164161786135,-17.690950349608077,0.47859223104134707,-79.05268879420697,-44.52857859096048,-71.28396271939127,68.66377622019421,14.57949809712648,43.87917524462632,1763471564.0552814
80.20892223740405,40.85360212905229,66.45476873998368,-45.40672202830259,-17.69063162272153,0.4781574827138156,-79.05736368153858,-44.51869132274605,-71.3694083789804,68.43692925824361,14.59766933403813,44.124732649196055,1763471564.1662786
80.2088115256564,40.85324525544355,66.45474012107528,-45.40737304736305,-17.690955989721733,0.47807816581125906,-79.08457355413218,-44.51663108740349,-71.44288337182057,68.1286773338916,14.622163161848361,44.43873552897732,1763471564.296018
80.20863288983067,40.85359291595505,66.45497127386278,-45.40681694386481,-17.69069240831043,0.47810644479161296,-79.20325105061181,-44.557430561776904,-71.6552636582612,67.15470642455642,14.677043772473239,45.357890598148785,1763471564.5059636
80.20497632529639,40.85244876854068,66.45121380063274,-45.40662559931705,-17.688791650452757,0.4754616683341592,-79.0736189758289,-44.51574403239734,-71.56560826153205,67.34405139478578,14.686941616347843,45.090105485115146,1763471571.8156002
80.20503238565028,40.85209237224135,66.45033430173883,-45.40641424910149,-17.68876068297478,0.47565679141842043,-79.05997076789042,-44.49543158268898,-71.65953012680198,67.24072663000169,14.706316770271718,45.19668672457381,1763471571.881467
80.20477831859239,40.8522190066593,66.45122158190857,-45.40581089239856,-17.68841371193395,0.475220553688953,-79.04627792280853,-44.483772097452444,-71.70060894305034,67.19974768501939,14.728859891009696,45.265366751020984,1763471571.9657826
80.20498752241119,40.852010147896316,66.45061591942087,-45.40613740634303,-17.688597961433306,0.47570745415918575,-79.03456239799833,-44.467506651867694,-71.74532121036498,67.16547373991672,14.750706672310637,45.31697356635711,1763471572.0511773
80.20482572007491,40.85219899427632,66.45080395625504,-45.40611583863162,-17.68834391558085,0.47544338518293694,-79.03750140052091,-44.45182649415029,-71.87025846197707,66.88538919943021,14.794935706345122,45.59819791095451,1763471572.187118
80.20454112220024,40.85157736860633,66.44079498661335,-45.40488284735553,-17.688973055135115,0.47549107029494275,-79.00357184730683,-44.45691633456106,-71.72567456437959,67.06234907361093,14.753089563119604,45.353256654526454,1763471579.7000594
80.20451373491679,40.852049458062886,66.44060402332123,-45.40532852369706,-17.689122595704486,0.4754379529573992,-78.98839518164857,-44.448457981380876,-71.72561521794114,67.12839834146386,14.739995612457486,45.28918450043745,1763471579.799424
80.20425037485397,40.85202793288255,66.44048237971377,-45.404965642805344,-17.688890395571065,0.47540320989572654,-78.9782686764038,-44.456660975147024,-71.70759744744483,67.21546283092377,14.723963038881173,45.2069909228087,1763471579.8802307
80.20446040958429,40.852023021338766,66.44084551645955,-45.405416161359,-17.689013668632537,0.47522917687961974,-78.96258433935694,-44.43923073784138,-71.75040402284193,67.1439110812859,14.734267049952123,45.251112178357516,1763471579.9564075
80.20428639974995,40.851678528530506,66.44030281651045,-45.40497658577532,-17.688405400706323,0.4757893573779716,-78.95937345437437,-44.436523212240914,-71.75794048779186,67.10381312823824,14.738183569073568,45.27006032108977,1763471580.0408266
80.20411341717777,40.852322679297586,66.44222895807994,-45.40635134200684,-17.688019223394917,0.47552857650322955,-78.95518100959929,-44.4669946137002,-71.7023918047177,67.09933238823103,14.74246761862687,45.288311670971225,1763471587.3160076
80.20455625327189,40.85210999997614,66.44214285052155,-45.4065779268108,-17.688207796561215,0.4755465401306252,-78.96196183270048,-44.45643094342382,-71.76841796716025,66.92008539999607,14.74072178539188,45.44843982419587,1763471587.416171
80.20444840762411,40.85202162268757,66.44139163430141,-45.4065647015583,-17.68809498611569,0.47553648608000065,-78.98193661299238,-44.469383219647035,-71.80936317401218,66.69743994396417,14.746645604899182,45.67494252783018,1763471587.5401342
80.20419674121464,40.85232838356172,66.44161677393039,-45.406713590901575,-17.688226746375243,0.4758501116954766,-79.06096256963411,-44.51186648114161,-71.9385107198104,66.04950566316064,14.771668157252316,46.26204576711753,1763471587.7156172
80.20440999639472,40.85175307530341,66.44169264155668,-45.40665147273488,-17.688434648810137,0.475903322935208,-79.14188185896664,-44.561788016284986,-72.06440454651114,65.32489933182508,14.795764875218735,46.948457471413,1763471587.8964596
80.20695110587293,40.852566632558386,66.43874659636555,-45.40221416631235,-17.68749598037438,0.47192698976872555,-79.07652508834951,-44.54525935784671,-72.01666385883938,65.44275020036824,14.82549499547004,46.85902226855781,1763471595.2059956
80.20700476237356,40.852668958488145,66.43826459093411,-45.40247109145799,-17.687518858269684,0.4717948248430911,-79.06170459720208,-44.54561740747186,-72.0481563607136,65.41702849216291,14.828817687597956,46.88208565214015,1763471595.2723298
80.20714106583247,40.85265157098645,66.43873787035253,-45.40292418991817,-17.687582778097813,0.47211650361274465,-79.05388626960021,-44.54456821613643,-72.06101386782238,65.40500715722264,14.840532654565088,46.88971152382736,1763471595.3382387
80.20703143743191,40.85241152708258,66.43846938818712,-45.40248837736584,-17.687727155756104,0.4718785691429963,-79.04441334144587,-44.53552350456703,-72.1269491460423,65.27695449236438,14.862029654949968,47.0210433389501,1763471595.4247327
80.20685993347197,40.852730383178105,66.4384491028575,-45.40225545624737,-17.68759763227017,0.4715786814496385,-79.04611130590366,-44.53813565785224,-72.1520291427138,65.18529851190645,14.876767480252713,47.13982296730466,1763471595.525574
80.20733452250009,40.852552056650055,66.44079968893901,-45.40409074851312,-17.68584547049221,0.47166180213841935,-79.00832371746989,-44.548589056442204,-72.06969291223724,65.41597815365954,14.822174112329392,46.853238790647595,1763471602.8646898
80.20744373961121,40.85213821013228,66.44099623465745,-45.404021975362696,-17.68598321764385,0.4718131100505817,-78.98775119803543,-44.53531824403588,-72.05361631366564,65.51630752022585,14.813332917575455,46.75383267551728,1763471602.9667506
80.20747644107482,40.851932851736265,66.4410006035128,-45.4041300665022,-17.685759514950686,0.4717648825706494,-78.96688485585015,-44.530020774484804,-72.03922155267193,65.645272329673,14.789027549527543,46.628773504495754,1763471603.061362
80.2076670870865,40.85220063342768,66.44095130176622,-45.40433592808682,-17.68583013067782,0.47166058960906027,-78.9501045560677,-44.49851774410278,-72.10829494696291,65.57484425499251,14.805499375833339,46.693728675001374,1763471603.131303
80.20751782854418,40.852255595798994,66.44068076390137,-45.404319866646404,-17.68584480356234,0.4713547237969002,-78.92594838813946,-44.45200660407704,-72.18899907117724,65.48575753521004,14.835535018284,46.80387019033287,1763471603.2402363
80.20431157824885,40.85341673104052,66.43923530645593,-45.402289255586716,-17.687676284913564,0.46780859805784714,-78.93810730102817,-44.518846423522476,-72.08826193004798,65.52135157497034,14.825596544785768,46.72095463295019,1763471610.5505772
80.20430339871665,40.85342855307491,66.43912208990213,-45.40208439455714,-17.688684192431932,0.46780550847289576,-78.92983439052948,-44.49840744451866,-72.08438374151471,65.52646548187839,14.823591963295755,46.69866105539288,1763471610.620589
80.20417820648247,40.853021180253016,66.43852144322277,-45.40210376896076,-17.688577024824188,0.4678247168651286,-78.93677375944961,-44.525712047853354,-72.06285611397115,65.47267177077373,14.817558985155085,46.77063908902554,1763471610.6968231
80.20459560053196,40.85352526087096,66.43891273908741,-45.401648708489674,-17.687785333663086,0.46778489250930244,-78.94456568120104,-44.56045649067483,-72.06104386339386,65.45529423050334,14.807034642820467,46.76290185477686,1763471610.7708747
80.2042255203657,40.853494169098106,66.43920518105304,-45.401737838437924,-17.688457544332135,0.4667766363029479,-78.93915923556033,-44.5640975433135,-72.04422484833556,65.29771961822003,14.806550830409003,46.90654218947022,1763471610.8822694
80.20535441844935,40.8527917708814,66.43913430703878,-45.40282075778005,-17.681646156693148,0.46851470789740146,-78.90258263024862,-44.567368623928616,-71.96373004661727,65.58230443341851,14.792689561506801,46.60014895891783,1763471618.2464046
80.20530405760572,40.85299548692389,66.43944363131446,-45.40304495902813,-17.682253698399716,0.46851161072763176,-78.89722790759797,-44.54488154482659,-72.01287592972483,65.56758191977299,14.79313148278221,46.63849094100557,1763471618.308252
80.20550071933982,40.852901218955594,66.4392493161736,-45.402560866863595,-17.682070651414552,0.46845811254674413,-78.87670216582306,-44.51620322224641,-72.01862454326157,65.60310517605187,14.78724592921649,46.59676016167946,1763471618.372114
80.2056351060831,40.852499508387545,66.43914766294245,-45.402584535556336,-17.682398186091287,0.46840486947214127,-78.8793123776797,-44.48887033796048,-72.16830563712271,65.38104059523182,14.81456695556101,46.82031877918924,1763471618.4811525
80.20560238955669,40.85245920693596,66.43897526365349,-45.40265040190525,-17.682196186354318,0.46832870021578654,-78.88859516894873,-44.45944605336283,-72.29285441994742,65.1485223118022,14.842257852440923,47.07643086617514,1763471618.6169744
80.20489679730088,40.85187307054824,66.4382270623746,-45.39922526231357,-17.68516322510398,0.46931582439449177,-78.86601345313257,-44.473783481315216,-72.15282736045178,65.35739868035473,14.808664281286402,46.876346481734004,1763471625.965357
80.20476429842957,40.85236121834719,66.43790014233522,-45.39910750683355,-17.685255905334774,0.4688587564036054,-78.8577593275086,-44.492902363035334,-72.11970853176165,65.40420522288828,14.782957825927248,46.8068460187167,1763471626.051935
80.20491086382722,40.852247094820044,66.43824593911799,-45.39924898335224,-17.685221826478852,0.4687132445478976,-78.85536355477696,-44.476796153586264,-72.2123717624223,65.29338497564761,14.799847103445806,46.92785265192331,1763471626.1408114
80.20498924534007,40.851906633235906,66.43809391158283,-45.3989996838334,-17.685278664436865,0.4692667887040914,-78.85383688697155,-44.43516700877527,-72.37391255478168,65.04630468525204,14.849562013356113,47.219275417291094,1763471626.2772698
80.20524002550091,40.85180077462359,66.43751159751623,-45.39918613853857,-17.685330483595358,0.46923141669005186,-78.84423532486659,-44.40073793850505,-72.45923813638855,64.90532456627513,14.876166157494946,47.3675089648904,1763471626.3909743
80.20789579093915,40.85224310883776,66.43861274264272,-45.40225735851714,-17.683385236164906,0.4675171155742007,-78.82649151559671,-44.44716360857826,-72.38888496568411,65.0258051749825,14.840571014692294,47.20925219018566,1763471633.8909533
80.20804587505155,40.85182660231885,66.4389643248258,-45.402672802841,-17.683795387887976,0.4673587753336066,-78.81181010264264,-44.43555713814186,-72.40463499902441,65.01559377079498,14.846010770038523,47.220610678700915,1763471633.9600954
80.20808327739327,40.852079737405546,66.43884824356088,-45.40266870522301,-17.68370210765532,0.4671012832494959,-78.80710460223915,-44.42598184716676,-72.41318770514111,65.04449381893672,14.853363268614949,47.1983104489552,1763471634.0240443
80.20796607592547,40.85177666237922,66.43867331478843,-45.40255772373357,-17.683745942884457,0.46740632787153397,-78.80853282475312,-44.42477706266564,-72.40556919933374,65.05245312980125,14.85767664583059,47.20357898217307,1763471634.0926883
80.2080570967369,40.85181386409716,66.43850568773897,-45.40310042197343,-17.683999384889223,0.4675189090098414,-78.79543659319754,-44.41881484695879,-72.39903352629824,65.10189469972481,14.861337085242939,47.16212574692992,1763471634.1617608
80.20473809555287,40.8519426769604,66.43911964737697,-45.40069390664052,-17.683257543077243,0.46627437513582043,-78.74838039049278,-44.395363175760885,-72.43474028965873,64.97356402033824,14.903399355374969,47.260234260862454,1763471641.485723
80.20462660983327,40.852176919867006,66.43934822933838,-45.40054929972842,-17.683362931030217,0.46591587591889316,-78.73145639933556,-44.36442552473475,-72.43607734254216,64.9914939753709,14.91027886677341,47.23076679086354,1763471641.5493217
80.2045974781484,40.852274834690746,66.4390821760241,-45.40083127122621,-17.683743061614937,0.4663775681919202,-78.7234550391478,-44.366483547132816,-72.46720289803578,64.97064118344689,14.913652311623855,47.26005970251112,1763471641.6214387
80.20477680144177,40.85204588262225,66.43983500214864,-45.40078628748465,-17.683226160731074,0.46607865669673276,-78.7158865799042,-44.36707944435135,-72.4945448783486,64.86324683077387,14.909852453274327,47.38303809363686,1763471641.7160437
80.20463918973522,40.85219902715544,66.4393650006537,-45.4009815022277,-17.68363644369287,0.4662665038036263,-78.71758260682579,-44.37993641217107,-72.48007031397538,64.78472201458946,14.903723759929765,47.43130119878938,1763471641.790172
80.20484047297393,40.850477779465265,66.43795871037963,-45.39952173534307,-17.682898163642985,0.46597914003413643,-78.68630161571173,-44.36140695680238,-72.59202111943698,64.76442665780202,14.996182481701826,47.39664768613983,1763471649.1164005
80.20488180969981,40.85008747032139,66.43822983622813,-45.3995617374614,-17.683343429656517,0.46665170873865575,-78.65778730148796,-44.31451333688344,-72.6751796503947,64.71115933681429,15.04443261164812,47.45824953774525,1763471649.2008047
80.20479253660146,40.85056375925684,66.4384354356558,-45.39934973666071,-17.68277096773483,0.4661131943273394,-78.62348364756586,-44.248170131861066,-72.81042858541673,64.59493365535776,15.115075769211506,47.602452967868345,1763471649.3016448
80.20480959154625,40.8506691399989,66.43798581574288,-45.399023153397955,-17.68310700039931,0.4662469890274634,-78.55553941996581,-44.01445506452162,-73.2066011158709,64.27853422221338,15.262017538755241,47.97934440495696,1763471649.4507391
80.20485332806592,40.85011325955841,66.43844583155739,-45.399285984019066,-17.682841114698824,0.4667181876417673,-78.52278380210545,-43.87905146222358,-73.41136087211936,64.07377705614157,15.329762756142326,48.195395165529405,1763471649.5762212
80.20464065905342,40.85359888657183,66.43659160909996,-45.401032226822124,-17.68216902917928,0.46804045249447346,-78.53074199244776,-43.90567764737704,-73.42541023511102,64.0222893349158,15.38121414182424,48.250051134564075,1763471656.8612502
80.20457682180366,40.85349597479499,66.43668549627832,-45.400924274132265,-17.681879334093022,0.46802555356100556,-78.52269215694966,-43.86758253497226,-73.5071879225458,63.91203509166107,15.413101604098106,48.41656501909284,1763471656.9703734
80.20471005223602,40.8534175258734,66.43669633020318,-45.4009350625215,-17.682395657676064,0.46793612235659143,-78.5106993061254,-43.80761971227572,-73.64248650826858,63.714034974759535,15.459123498195792,48.66301258502231,1763471657.0963652
80.20470239904748,40.85342134990379,66.43662161229112,-45.400952563795464,-17.682330343202814,0.4679045077654178,-78.51259860827295,-43.75595698826829,-73.8144834611843,63.373973626397856,15.51614574280147,49.04887375904491,1763471657.2312071
80.204676177369,40.85334837038404,66.43627671735395,-45.40110834399962,-17.68244362534926,0.46778735159287477,-78.503813228677,-43.67982136906236,-73.96878654517081,63.140522301742934,15.565310076302232,49.28061253568144,1763471657.3421829
80.20512184153206,40.84888176331313,66.44030018057776,-45.40098547122427,-17.682312618604023,0.4682919375867694,-78.39100108065426,-43.50783036526217,-74.09106713795771,63.281312771242355,15.634971373156647,49.06031865974351,1763471664.6560311
80.20549641842733,40.849148941423934,66.43979126586665,-45.40076933466783,-17.68239851629796,0.46788956318687425,-78.38683748144545,-43.426196984057746,-74.28581545902522,63.04815156369281,15.668728428776582,49.366069007051934,1763471664.781445
80.20522761406738,40.84918460203497,66.43988546081772,-45.40097033235415,-17.68257276136849,0.46837298916933146,-78.40440654298659,-43.353251686834106,-74.46523455242325,62.76506572777826,15.70366986563856,49.68389788067626,1763471664.931726
80.20509285780457,40.848799117850426,66.4391656193055,-45.40075556095819,-17.682569751477548,0.4680766996710682,-78.38538484597542,-43.311608864907704,-74.52015009201476,62.68674398074757,15.719569716817476,49.762527856337975,1763471665.0160377
80.20519843292095,40.8486632517471,66.44003398614312,-45.40074547955949,-17.682524950626256,0.4682694465172027,-78.44188871581044,-43.285644123566705,-74.64853694858984,62.21373592400256,15.725237104166222,50.2199414471239,1763471665.1562064
80.20618002747058,40.85020522003268,66.43800851699737,-45.40081875435302,-17.682564539508192,0.466920556898265,-78.42769772457589,-43.298688563056224,-74.62850847928941,62.23980159033976,15.755190795394219,50.16464409912007,1763471672.4458735
80.2062547182749,40.85099097473806,66.43826376920984,-45.40055590257987,-17.68250257773831,0.4666765859279789,-78.43280876053137,-43.30696312200917,-74.66037932802706,62.11479278338368,15.75178185384796,50.286219740812776,1763471672.5264854
80.20603972435534,40.850624748941456,66.43782908978665,-45.400683869575616,-17.682857756193567,0.4668731328749359,-78.50109530464529,-43.360288756962404,-74.72810213802046,61.716796087502914,15.761595406317596,50.651563594771254,1763471672.6711524
80.20581841559375,40.84975031894961,66.43782394073656,-45.40058047215674,-17.682774117653807,0.4668882969565608,-78.55541592640336,-43.40546676170659,-74.78821667067703,61.263925593636074,15.779225885054712,50.997642895887815,1763471672.8164184
80.20608254588953,40.850133032432055,66.43741468661264,-45.400098847408394,-17.68376500302371,0.4669568829435761,-78.60016085216466,-43.43482903592469,-74.87520246090844,60.92805424522306,15.796431410440519,51.32469647620454,1763471672.9464417
80.20487030449182,40.84773150702196,66.43976435300823,-45.39828866501394,-17.681046559899528,0.46468297704939515,-78.59699060548195,-43.59365487774672,-74.4201527773701,61.250162951034596,15.688783154697514,51.01601248845653,1763471680.3164582
80.20505748279935,40.848179732182935,66.4396266981697,-45.39883016423824,-17.68092404457209,0.46592190563582586,-78.69997571952635,-44.00057552053923,-73.7746680964783,61.41409065358452,15.407419577148351,50.83892507364446,1763471680.491092
80.20536995108904,40.848476489589714,66.44013037230549,-45.39872492720713,-17.680920929027835,0.46543800234395466,-78.76983363317359,-44.12996339701418,-73.59170696896943,61.19828826907275,15.327267937299638,51.02214654529927,1763471680.6058993
80.20511955358764,40.84817210548784,66.43952215565692,-45.39845763105091,-17.68075868442187,0.46536554639032524,-78.89263476025823,-44.317736897892644,-73.45116948849184,60.80158344684233,15.232465074015984,51.39995389018051,1763471680.7600331
80.2051580312643,40.84806358682098,66.43956108409613,-45.39879587292728,-17.68094627514054,0.46550884027422146,-79.01528073682546,-44.47129306814267,-73.32734895146028,60.38299035948419,15.154123715303884,51.78767681463619,1763471680.9064596
80.20582035303413,40.851819600757004,66.43710402869154,-45.398891801009334,-17.682355136879014,0.46558318690388883,-78.93244248386205,-44.400018390805386,-73.27974867948414,60.56449145879432,15.189817504992831,51.53868836890561,1763471688.2605286
80.2059715366247,40.85174946706644,66.43715823263443,-45.39924112783065,-17.682798196912223,0.4658149317345486,-78.92779636432975,-44.35180651106568,-73.47427692861517,60.31758270029755,15.228491834806558,51.759564799412196,1763471688.3654253
80.20590866553124,40.8513203304362,66.4370243394919,-45.39914870735318,-17.68271346754739,0.46567236107910637,-78.90645086021705,-44.31743051950736,-73.5324133176879,60.235807367450974,15.249379903220973,51.838283347730645,1763471688.4664357
80.20573376346587,40.85102860037522,66.43695503342788,-45.39887629646552,-17.682849925052896,0.4657674570745448,-78.92621003886225,-44.27251575130092,-73.73481791532117,59.83845814679807,15.320534515303624,52.253606817827844,1763471688.6167812
80.20587229557945,40.85135663276561,66.43651377989008,-45.39906885203535,-17.682770543839624,0.46619869897260086,-78.91198608743021,-44.2419572248009,-73.772737146365,59.760455682423554,15.344732537315402,52.357315297404334,1763471688.7119462
80.20343662685683,40.84795956226581,66.4368685331682,-45.39438111969505,-17.67901802619155,0.4646004312307318,-78.88249228509031,-44.28160619348376,-73.73591614728191,59.7807288671468,15.366926111682737,52.29619027433995,1763471695.9764423
80.20346651152185,40.847782088359466,66.43695808637068,-45.39441238004315,-17.679198969618145,0.4646974647199454,-78.91040614762085,-44.303374041659524,-73.76469352296056,59.57165904556265,15.362175546084467,52.490035044502434,1763471696.0875049
80.20349654857765,40.84795409088765,66.43719827278368,-45.394533044621504,-17.67941344093305,0.4648423903012432,-78.92222401124761,-44.31875923065321,-73.76519620966899,59.49813096128217,15.360903555976156,52.55733880708153,1763471696.1862836
80.20345483549522,40.84794928403573,66.43736624253873,-45.39458439496344,-17.67903737452902,0.4644736244451207,-79.09403378779183,-44.47619613859822,-73.81233390306046,58.66622150775752,15.367011555502309,53.34422309395769,1763471696.3813622
80.20334291338149,40.84777804052352,66.43695889463456,-45.39491175956932,-17.67953598040371,0.4638446401365898,-79.26515821165202,-44.647042227897465,-73.85001473615812,57.777238244264524,15.371024142277106,54.14144914702523,1763471696.5854714
80.20637103183823,40.84846875478424,66.43401843093767,-45.39407856364123,-17.67788337539707,0.46498370991830806,-79.23121016583059,-44.661675832293895,-73.73421208212706,57.84697233922701,15.339797535598022,53.93491578627588,1763471704.1565018
80.20622447493344,40.8483058811725,66.4339223013772,-45.394479862065204,-17.677816102972397,0.4650325706771584,-79.23147418742944,-44.64297308000559,-73.78803482684258,57.74823573223516,15.34085453153452,54.039962094854104,1763471704.2169478
80.20617390299684,40.84846628961146,66.43403482888762,-45.39440792999818,-17.678181199378866,0.46534912253692,-79.23450157850797,-44.63923454596378,-73.83377015430436,57.68435035595156,15.348535160560058,54.11144860567673,1763471704.3015714
80.20627975373056,40.84818624273462,66.43434897112539,-45.39395214288014,-17.677845089797913,0.4649726168543978,-79.24287824868311,-44.63724764137023,-73.86172030242807,57.55086597583166,15.353635909873777,54.24485725865768,1763471704.4110208
80.20638915202268,40.847823914039054,66.43386431383847,-45.39417320935485,-17.67806803474369,0.46501735659982946,-79.2765883706841,-44.66752756055562,-73.87358586098757,57.31503281922777,15.356498403704187,54.45875566671463,1763471704.5406997
80.20347766515748,40.84640590183685,66.43513937384749,-45.393766532522825,-17.678522161164917,0.4635530708817321,-79.19759578642957,-44.597230607963056,-73.88904189042957,57.51824731013599,15.37120296881054,54.184840615239835,1763471711.8905072
80.20343046088023,40.845903450352424,66.43535589343725,-45.39330381629933,-17.678796965543498,0.46332095450180155,-79.1797295621943,-44.57554736297195,-73.91712820506733,57.511188862240694,15.381370128790396,54.221423955814814,1763471711.9565334
80.20344614564361,40.84630913322872,66.4346078519443,-45.39328206368126,-17.67876573724392,0.46364052335659806,-79.16559163736932,-44.55513181561504,-73.93567433999499,57.539786870656314,15.394818442211577,54.18391534510798,1763471712.0265844
80.20355127336254,40.84595421372557,66.43509335595333,-45.39355862688308,-17.678696369913787,0.4634167445615334,-79.1650897601366,-44.56149689107574,-73.91448606327091,57.46999261787989,15.401603396454359,54.25940807480402,1763471712.0965896
80.20357811678248,40.84614708347782,66.43475139281553,-45.39366332643366,-17.67873948095301,0.46351001154746485,-79.16790151266297,-44.58293195074721,-73.8878019014697,57.44981069772448,15.393737932860972,54.277816281577294,1763471712.1666207
80.20352855832716,40.84490317540472,66.43223571766629,-45.39526190539077,-17.679252397505927,0.46439600272538867,-79.17287503992185,-44.688497517296575,-73.63231936889025,57.723027761014876,15.342027949276915,53.96987843412295,1763471719.522798
80.20378063741485,40.844473376865544,66.43295965150847,-45.39600954301884,-17.679522883452158,0.4640285924151826,-79.1914350681895,-44.8067156323518,-73.37192839975216,57.8946182473128,15.2203297682489,53.79209759026385,1763471719.6565855
80.20372426389343,40.84486226887692,66.43314676075141,-45.39584400959291,-17.679491524501408,0.4644641955837909,-79.23511801190953,-45.00653873581464,-73.0158992066782,58.081502122850665,15.09392628620352,53.63228763338464,1763471719.7964375
80.2034054363211,40.844540484988094,66.43220824182204,-45.395574524255146,-17.67960734392984,0.46430463386695686,-79.2118604455895,-44.92298344827073,-73.10925467039196,58.044647635452876,15.108760279859462,53.63008600539947,1763471719.8623247
80.20366768387265,40.84490770973732,66.43276351504974,-45.39611051340268,-17.679626114111862,0.4646939506281602,-79.37196205073471,-45.356210936046715,-72.59829504713835,57.8440690274598,14.935004306297545,53.79090266012418,1763471720.0074315
80.20335990284045,40.84481124754251,66.43214473550272,-45.3943767540205,-17.678796615301994,0.4647647619288116,-79.2702318043916,-45.2310364721725,-72.60367785043894,58.16831498982896,14.977269140072327,53.44914570246123,1763471727.3615758
80.20330847413986,40.84450313924141,66.43194825356086,-45.394177883608656,-17.67871634228501,0.4646662729556877,-79.26171598221221,-45.218871189312964,-72.64523783098898,58.13460986911714,14.979847156836993,53.466174688838244,1763471727.4357214
80.20313565672443,40.8446665890857,66.4316292135602,-45.39421805782759,-17.67894627872405,0.4651541310359444,-79.28859700878166,-45.22866779071504,-72.70011602600835,57.977782023134644,14.989094876870368,53.63044235108178,1763471727.53035
80.20347526450907,40.84418424933469,66.43159219686909,-45.39429049946621,-17.679175055433678,0.465168877204761,-79.29074152920062,-45.24164023109673,-72.7173687921455,57.87957103705838,15.000327441223886,53.73223734098204,1763471727.6372511
80.20327672344928,40.84396737480748,66.43212779892383,-45.394161763519435,-17.678704828958065,0.46462916674237054,-79.4060113792839,-45.34919591623734,-72.70516143219545,57.267121071715906,14.981949215778203,54.2602629261925,1763471727.8061976
80.20388074547964,40.84397099928236,66.43321383917566,-45.39160056723788,-17.67947705037569,0.4631347375967115,-79.35293560175745,-45.31931794047825,-72.50776226115715,57.57815839858097,14.974116922834872,53.875574126084004,1763471735.1339598
80.20371732148783,40.84442342280054,66.43361093326004,-45.39131939625892,-17.67951070143718,0.46331259667294866,-79.29764697307675,-45.346023099492044,-72.36137569372907,57.97489873227324,14.878662330146081,53.52821729682173,1763471735.2779415
80.20384074624567,40.84439472462544,66.43328878423166,-45.39107776728825,-17.67962078150834,0.46367454879830905,-79.28213500294036,-45.35051814099078,-72.30427834678873,58.10611678884538,14.83769159068782,53.388167296037714,1763471735.3829331
80.20401576293794,40.84418306904081,66.43363446158023,-45.39135883053074,-17.679747963315148,0.46351351327648943,-79.27516843470259,-45.36194068937643,-72.24476590878866,58.13211476853193,14.808566174147698,53.32374430060461,1763471735.4571955
80.20391439194749,40.844457660029605,66.4334692825042,-45.390885137259005,-17.67955617338465,0.4634758805058532,-79.2831015936163,-45.40287319606629,-72.18187072379712,58.052049626664385,14.783381444692129,53.387146801060695,1763471735.5294628
80.20365982162087,40.845117745535916,66.43163835147426,-45.390407284918886,-17.677972977954283,0.4637388124003199,-79.15315147570449,-45.236259288354994,-72.27267170294711,58.43843626157918,14.829612943461207,53.02322922995926,1763471742.9074507
80.2032879887206,40.84502321658577,66.43174495598936,-45.390794736455746,-17.67777792687238,0.4638025114140914,-79.0756801058421,-45.10414747693668,-72.39135222043907,58.62673033957351,14.85051077976071,52.85761918073304,1763471743.0167828
80.20359598063213,40.845085595520665,66.43117431485139,-45.390515126934496,-17.677477676496512,0.46372117267671636,-78.98405003338563,-44.97967297634779,-72.51295712158641,58.81556542251024,14.863269903433938,52.692710444629,1763471743.1177762
80.20356360820008,40.84534094163533,66.43087598834866,-45.39069592208323,-17.677608850267998,0.4639457931195469,-78.9735079543061,-44.94968307272518,-72.54242587794565,58.822185938442686,14.883141910399363,52.72340783035105,1763471743.1815655
80.20348161866394,40.84472754776068,66.43120367942223,-45.39057762487626,-17.676997204106417,0.4642973359897615,-78.96025254953891,-44.91746157835794,-72.55011656905293,58.81863402305552,14.895749078004554,52.717891441520706,1763471743.2535696
80.20475113180184,40.84393726510836,66.43292999537883,-45.387933363446855,-17.677343533749372,0.46085557462184173,-78.97929196944067,-44.94644426317635,-72.6516023943094,58.49933101057842,14.970006414414515,53.03303397840917,1763471750.578398
80.20468776801567,40.84391069506236,66.43278233627173,-45.388155532577876,-17.676988342047387,0.46120168665528805,-78.94185877015074,-44.94229356223149,-72.66009319687005,58.54422185717495,14.968743436942448,52.9705702988391,1763471750.642302
80.20461104148883,40.843426132425435,66.43264539932024,-45.38768111247222,-17.67658298670705,0.46117617089903956,-78.91647704599454,-44.93427377150885,-72.61975828876034,58.620734827254886,14.958899926268543,52.89625623837773,1763471750.7271698
80.20454546272205,40.8438001497534,66.43249365338481,-45.388181771161975,-17.677288723768807,0.46071232784928184,-78.91490099869524,-44.915579343726534,-72.76514203988921,58.34772911849916,15.007852487992576,53.165456875619235,1763471750.8423812
80.20461429398713,40.843601051156035,66.43265423232194,-45.388179110706815,-17.677359394138687,0.4607692144142326,-78.92218921639412,-44.90698485850982,-72.90087672071535,58.06582413484156,15.046231767256694,53.45829914407973,1763471750.9780793
80.20423022015149,40.84514503323127,66.43189590517434,-45.390341014734496,-17.673789960117922,0.46274354327212297,-78.94999327948551,-45.0275937152533,-72.77761180226894,57.91154346250866,15.06433676392668,53.46730892059033,1763471758.2785633
80.2041814204985,40.84490308842235,66.43129809179851,-45.39078356538305,-17.67402220805706,0.4629480391621266,-79.10510930875702,-45.176485477855884,-72.79519965736286,57.1825645580814,15.060487059153244,54.182291981972185,1763471758.4613585
80.20408177970128,40.84448511322622,66.4317775773076,-45.39051484381513,-17.674359700478593,0.4633379107901824,-79.07343300927371,-45.17461666620622,-72.77267272955683,57.240954952293144,15.053152686549145,54.101582211924075,1763471758.5334303
80.20416772390563,40.8445250997476,66.43130051872673,-45.39018207582739,-17.67382498488616,0.4625491593337514,-79.18983426055223,-45.27764334075072,-72.80831372860767,56.576832092140315,15.062833214521843,54.699348324080674,1763471758.6979377
80.20432069506965,40.84494918958926,66.43124824351769,-45.390332386629716,-17.673495171772725,0.4625461439945572,-79.29803515744936,-45.39596266006878,-72.75886141757017,56.09240517740451,15.041918007498857,55.16347392677291,1763471758.862302
80.2035023822644,40.844840218207544,66.43250112563004,-45.390886197613945,-17.6775867282132,0.4612570198574116,-79.25234960077024,-45.407466537576056,-72.6975702876944,56.264797963640596,15.07624494461673,54.97879367741809,1763471766.1566443
80.20346723613908,40.84476276920005,66.43243462365199,-45.39094634671907,-17.677145823149736,0.46094179843888583,-79.23909740677732,-45.40544328317229,-72.70284146605937,56.26245548916018,15.072380336266045,55.00466502363997,1763471766.2372031
80.2035311998737,40.8447382173567,66.4318833515762,-45.39094909861936,-17.67817586455682,0.4608772428747827,-79.2290560424088,-45.43037509871932,-72.67870579162118,56.23095374568648,15.070467844785458,55.02758008805858,1763471766.305367
80.20335254513934,40.84399058031618,66.43197330218044,-45.39065475596236,-17.67755326784046,0.4609150866315632,-79.27028033573445,-45.51734368936568,-72.58891835938086,56.072002775805664,15.037433058812981,55.18845414870546,1763471766.4124894
80.20360228692786,40.844457703425974,66.43184161520519,-45.39103062238357,-17.67728147730547,0.46106921484091845,-79.34063257022326,-45.646182404092386,-72.47532661252923,55.73155092956376,15.005455168077157,55.482240904731,1763471766.5569665
80.20445567836688,40.84422958902857,66.4320538926648,-45.39038651488467,-17.673786594595143,0.4604521370947732,-79.27792798118635,-45.70761220862553,-72.26612866075271,56.107332965108164,15.002086787501122,55.06215335743712,1763471773.8915086
80.20436469547957,40.84315961942843,66.43172299259882,-45.39042995666471,-17.67437643664736,0.4603259857549789,-79.32203638017575,-45.70517873662721,-72.36526534125308,55.77523041481012,15.00943691963116,55.388234147590914,1763471774.0128388
80.20443242780061,40.84299351489772,66.4323373636331,-45.39025087504395,-17.67423891854922,0.46042046844841517,-79.16082196495641,-45.63343512418461,-72.24904754113682,56.69749641132917,14.966102905830432,54.545512746306855,1763471774.2017744
80.20442826021001,40.84314064755433,66.43110180313332,-45.390396829383,-17.67388363967524,0.46052722658279704,-79.10343251191115,-45.57711833924357,-72.22285594412006,56.99904025899622,14.957206124761347,54.28455380093486,1763471774.3476229
80.20444889583003,40.843148989572576,66.43169100811421,-45.390918459561355,-17.674061653171968,0.46058315746063544,-79.04644156392942,-45.519008909485976,-72.25370820766642,57.246811292195,14.981991528976485,54.04948566559526,1763471774.4669297
